recruiter_name,recruiter_email,role,location,match_score,email_subject,email_body,status,duplicate
Sarah Johnson,sarah@example.com,Python Developer,"New York, NY",9.73,Application for Python Developer - C2C,"Hi Sarah,

I hope you are doing well.

I came across the Python Developer opportunity in New York, NY and would like to express my interest.

My background includes Python, Machine Learning, Data Science, Flask, MongoDB, Git, and related technologies.

Based on the current job requirements, my resume shows a 9.73% match with this opportunity.

I would be happy to share my resume and discuss the opportunity further.

Thank you for your time.

Best regards,
Shalu Yadav
AI & Data Science Enthusiast",Draft,False
John Smith,john@example.com,Data Scientist,"Dallas, TX",2.1,Application for Data Scientist - C2C,"Hi John,

I hope you are doing well.

I came across the Data Scientist opportunity in Dallas, TX and would like to express my interest.

My background includes Python, Machine Learning, Data Science, Flask, MongoDB, Git, and related technologies.

Based on the current job requirements, my resume shows a 2.1% match with this opportunity.

I would be happy to share my resume and discuss the opportunity further.

Thank you for your time.

Best regards,
Shalu Yadav
AI & Data Science Enthusiast",Draft,False
